,year,periodName,CPI,CPI_yoy,Unemployment,NF Employment,NF Employment_yoy,ULC,ULC_yoy,Hourly earnings,Hourly earnings_yoy,PPI,PPI_yoy,Shelter,Shelter_yoy,Energy,Energy_yoy,Medical Care,Medical Care_yoy,Food,Food_yoy,Gasoline,Gasoline_yoy,Imports,Imports_yoy,New & Used Vehicles,New & Used Vehicles_yoy,All Items Less Food & Shelter,All Items Less Food & Shelter_yoy
0,2023,December,306.746,3.3521228314302265,3.7,157347.0,1.9806728843548838,,,34.36,4.310868245294475,141.154,0.9829732436686278,390.037,6.174408950470234,269.375,-2.023008907495172,556.146,0.44538361508452695,325.409,2.704843785013833,3.289,-1.9964243146603056,139.5,-1.6220028208744797,127.596,0.08000376488306316,270.725,2.1846703178491467
1,2023,November,307.051,3.1372707088417773,3.7,157014.0,1.8546268366254726,,,34.23,4.264392324093813,141.877,0.7756508150726482,388.266,6.526009657594378,277.029,-5.435684222383785,553.095,0.16479984063313413,325.172,2.9491193799725757,3.5,-9.161692187905535,139.5,-1.4830508474576232,127.908,-0.09607048292992193,270.202,2.107124772320179
2,2023,October,307.671,3.241144651893202,3.8,156832.0,1.9071196969401516,,,34.1,4.281345565749239,142.448,1.2135853346596503,386.536,6.730726750607463,286.754,-4.529579603074973,549.927,-0.7733488748910555,325.731,3.3007424133349117,3.782,-5.826693227091628,140.2,-1.7519271198318198,126.772,-1.8199842009882228,269.779,2.0209125115812965
3,2023,September,307.789,3.69969812134443,3.8,156667.0,2.0392611504793656,,,34.01,4.51751690227411,142.898,2.0219039595619215,385.259,7.145856799187911,296.004,-0.4503216823668277,548.079,-1.4179026624121849,324.704,3.6922546320838467,3.988,2.7570213862406545,141.0,-1.467505241090139,127.343,-1.9155819148116815,269.39,1.930855471513926
4,2023,August,307.026,3.6651123843995492,3.8,156421.0,2.04852525753354,,,33.91,4.531442663378549,142.641,1.9119065480655895,382.782,7.248886273850541,294.328,-3.6165725737788756,546.954,-0.9638279341707356,324.1,4.254121431443503,3.955,-3.560107290904657,140.3,-2.97372060857537,128.323,-0.8031724926949035,269.199,2.318518884526366
5,2023,July,305.691,3.177780177942169,3.5,156211.0,2.0733412616474434,,,33.84,4.670584596350147,141.871,1.1312765532776492,381.681,7.658308182664375,284.828,-12.4702295894065,546.117,-0.5202441650135836,323.523,4.858815293065244,3.732,-20.034283265481033,139.4,-4.781420765027322,128.534,-0.22356429802363742,268.471,2.568892862191352
6,2023,June,305.109,2.9691776545588855,3.6,156027.0,2.4148659647648785,,,33.7,4.658385093167694,141.181,0.25706758320966916,380.006,7.798839195039053,283.854,-16.738091676273104,547.357,0.13116493487486114,322.556,5.741851095426509,3.712,-26.61130881771451,139.4,-6.127946127946126,129.192,0.10072678247663447,268.627,2.754901023238032
7,2023,May,304.127,4.047609272791974,3.7,155787.0,2.540018956347745,,,33.54,4.551122194513724,140.912,1.0708726931049517,378.622,8.026785434064987,279.816,-11.66336764942656,547.273,0.7240415284012425,322.249,6.691542123838734,3.685,-19.960903562119892,139.7,-5.735492577597845,129.346,1.3524525936373655,268.635,3.3975089296711447
8,2023,April,303.363,4.930320398188925,3.4,155484.0,2.533598871025178,,,33.44,4.663536776212829,141.303,2.2608355828309668,376.528,8.095817735008403,283.352,-5.064847605613987,546.849,1.0536878149560058,321.566,7.651208023808942,3.735,-12.549754155935378,140.3,-4.8813559322033795,127.794,0.8722146358405292,267.717,3.7071900893676846
9,2023,March,301.836,4.984974122099173,3.5,155206.0,2.5341877518662903,,,33.31,4.616834170854278,140.995,2.660531086856799,374.946,8.175182481751818,279.084,-6.424897567779608,546.988,1.495749888203779,320.863,8.499364280690358,3.551,-17.64842300556586,139.9,-4.700272479564038,126.256,0.0634034998731936,266.653,3.7653175186884713
10,2023,February,300.84,6.035613077866597,3.6,155060.0,2.7731382062090804,,,33.15,4.739336492891,140.956,4.736924231503714,372.869,8.115576432382277,281.673,5.191749666692802,548.634,2.338760222049774,320.569,9.486191656932874,3.514,-2.171492204899783,141.0,-1.1220196353436185,125.992,-1.3575935987974241,265.98,3.6878216123499286
11,2023,January,299.17,6.410146968856267,3.4,154773.0,3.1723705787459755,,,33.07,4.552639898830235,140.713,5.740415107383856,370.07,7.906914358527262,283.33,8.700072510195533,551.634,3.060229349056698,319.136,10.133484256587955,3.452,1.1426897157925664,141.3,0.8565310492505418,126.813,-0.904118152692035,265.396,3.8837611655197835
12,2022,December,296.797,6.4544013314108195,3.5,154291.0,3.023443707724871,,,32.94,4.9044585987261025,139.78,6.422828602753072,367.355,7.475965617521263,274.937,7.310495029409814,553.68,3.9950414154505065,316.839,10.409944035181873,3.356,-1.5258215962441368,141.8,3.2023289665211063,127.494,0.758689364123466,264.937,4.452303228146537
13,2022,November,297.711,7.110322794191726,3.6,154155.0,3.3231231190975707,,,32.83,5.089628681177971,140.785,7.395682355633526,364.48,7.086614173228356,292.953,13.065611732921623,552.185,4.172287004144737,315.857,10.630212218964875,3.853,10.654796094198726,141.6,2.683103698332112,128.031,3.6755417354970454,264.626,5.181027938201277
14,2022,October,298.012,7.7454273308049215,3.6,153897.0,3.5883041880376387,,,32.7,4.975922953451062,140.74,8.18081892741569,362.16,6.903758279905081,300.359,17.631923176338816,554.213,5.003760872901442,315.323,10.949138825847538,4.016,18.641063515509604,142.7,4.236669101533952,129.122,6.953705467708149,264.435,5.872249447487277
15,2022,September,296.808,8.20166964383362,3.5,153536.0,3.9470299107686957,,,32.54,5.1373182552504115,140.066,8.480745995848693,359.565,6.606321694244888,297.343,19.786244903878703,555.962,5.977259080641617,313.142,11.238126363203627,3.881,18.866768759571208,143.1,6.078576723498874,129.83,9.812313391807436,264.287,6.666693573449445
16,2022,August,296.171,8.262692503116241,3.6,153281.0,4.112724654612632,,,32.44,5.4273643158921026,139.965,8.706458001631013,356.91,6.254521421490256,305.372,23.813346632122247,552.277,5.328634065496063,310.875,11.370842065667164,4.101,25.990783410138253,144.6,7.6693968726730954,129.362,9.77393842707308,263.099,6.33141092740257
17,2022,July,296.276,8.52481474562552,3.5,153038.0,4.27702182459917,,,32.33,5.4812398042414445,140.284,9.747778195018153,354.53,5.7193976442522665,325.407,32.92769607843135,548.973,4.816847893535958,308.532,10.93205621892157,4.667,44.35508815341787,146.4,8.766716196136715,128.822,9.140664051578806,261.747,6.009501476252388
18,2022,June,296.311,9.059757964784154,3.6,152348.0,4.475319224808327,,,32.2,5.435494433529819,140.819,11.231437598736171,352.514,5.607616628120171,340.917,41.623878364905266,546.64,4.530669455986924,305.041,10.439671839134546,5.058,60.367786937222576,148.5,10.655737704918034,129.062,9.556551560218685,261.425,6.081878938633412
19,2022,May,292.296,8.581511543676523,3.6,151928.0,4.746145997076745,,,32.08,5.561039815728841,139.419,11.09083665338646,350.489,5.445426894391803,316.761,34.59775047909612,543.339,3.7353896909736006,302.038,10.147623007016481,4.604,54.91251682368776,148.2,11.596385542168663,127.62,13.704805858978242,259.808,6.430271474861837
20,2022,April,289.109,8.258629340882372,3.7,151642.0,4.875063108172584,,,31.95,5.759682224428997,138.179,11.165728077232506,348.328,5.135944366639289,298.469,30.269819654672723,541.147,3.226821763688159,298.711,9.381888754623024,4.271,50.44029587883057,147.5,12.50953470633105,126.689,17.281824830357053,258.147,6.853346578914676
21,2022,March,287.504,8.542455554842432,3.6,151370.0,4.91841911917601,,,31.84,5.921490352628078,137.341,11.65934959349595,346.61,4.997379685138115,298.246,32.04847229047954,538.927,2.867510078182267,295.728,8.798728532956602,4.312,54.496596202078116,146.8,13.010007698229419,126.176,21.533423232517833,256.977,7.497469191061423
22,2022,February,283.716,7.871063897739283,3.8,150876.0,5.181849236281999,,,31.65,5.289421157684626,134.581,10.402789171451987,344.88,4.757652247605693,267.771,25.55080951063642,536.096,2.4407488300724367,292.794,7.897539458216474,3.592,43.91025641025641,142.6,11.406249999999996,127.726,23.5332804611486,256.52,7.639952499444003
23,2022,January,281.148,7.479872468289117,4.0,150014.0,4.966553779842697,,,31.63,5.67991981289675,133.074,10.06947890818859,342.953,4.379359881179901,260.653,26.97870640561595,535.254,2.507267859399964,289.772,6.951405856690451,3.413,46.73258813413583,140.1,10.750988142292496,127.97,23.429045419033745,255.474,7.282966098491994
24,2021,December,278.802,7.036402865545144,3.9,149763.0,5.083568391361082,,,31.4,5.0167224080267525,131.344,10.003350083752082,341.802,4.177753394596073,256.207,29.296257979864237,532.41,2.227496068616319,286.966,6.2746506779052025,3.408,57.19557195571954,137.4,10.272873194221521,126.534,21.198827608666516,253.644,6.484074240446014
25,2021,November,277.948,6.809002839806477,4.1,149197.0,4.508234041509929,,,31.24,5.4336820789740115,131.09,9.882648784576698,340.36,3.868677960101685,259.1,33.290120789349146,530.069,1.7604180464926955,285.507,6.109213621784737,3.482,66.60287081339715,137.9,11.750405186385727,123.492,18.537147245152607,251.591,5.772723450769357
26,2021,October,276.589,6.221868903328898,4.5,148566.0,4.261963745587494,,,31.15,5.450236966824651,130.097,8.867782426778259,338.772,3.498716852010264,255.338,29.970782559122043,527.803,1.3003139946413667,284.205,5.328209081340707,3.385,56.78554886521538,136.9,11.030008110300082,120.727,16.326373298131692,249.768,5.367779821467744
27,2021,September,274.31,5.390348855079163,4.7,147706.0,4.1503314060076235,,,30.95,4.879701796001346,129.116,8.775063184498745,337.283,3.160422082887293,248.228,24.826760804191927,524.605,0.39921993267231226,281.506,4.5856971426236015,3.265,48.8828089375285,134.9,9.319286871961108,118.229,14.930494799261208,247.769,4.638807356884933
28,2021,August,273.567,5.251271554874992,5.1,147226.0,4.58323269922003,,,30.77,4.3758480325644555,128.755,8.654008438818561,335.901,2.8185483006982093,246.639,24.967825619926852,524.337,0.31356538574855986,279.135,3.7371924230430453,3.255,49.5176848874598,134.3,9.009740259740262,117.844,16.85656205067181,247.433,4.751724108734212
29,2021,July,273.003,5.365475239385398,5.4,146761.0,5.401465096236713,,,30.65,4.322668481960523,127.824,7.959459459459461,335.35,2.7895870945198187,244.8,23.84590089292491,523.745,0.2636072653761312,278.127,3.445621004005761,3.233,48.57536764705881,134.6,10.237510237510229,118.033,19.539193842414427,246.909,5.178656624863676
30,2021,June,271.696,5.391451413321335,5.9,145822.0,5.932948312811015,,,30.54,3.9482641252552853,126.6,7.561597281223431,333.796,2.5515298426070254,240.72,24.480941570697958,522.947,0.4184204866658492,276.206,2.385735997331073,3.154,51.92678227360308,134.2,11.27694859038142,117.804,20.43059119393982,246.437,5.753790300778028
31,2021,May,269.195,4.992706537594471,5.8,145044.0,9.022850270595306,,,30.39,2.2543741588156196,125.5,6.990622335890873,332.389,2.2043539757702346,235.339,28.547160741986932,523.774,0.9114851756020226,274.212,2.1505816964002777,2.972,58.16923895689197,132.8,11.596638655462188,112.238,13.865132746953979,244.111,4.949741614287295
32,2021,April,267.054,4.15969483870211,6.1,144593.0,10.866348210794264,,,30.21,0.666444518493825,124.3,6.512425021422441,331.312,2.0979710573675536,229.116,25.14460812427288,524.231,1.4641954376715116,273.09,2.3740707835220753,2.839,51.33262260127933,131.1,10.913705583756329,108.021,9.536991968848874,241.59,3.567570348268956
33,2021,March,264.877,2.619762508959189,6.1,144274.0,-4.389720208352665,,,30.06,4.483837330552665,123.0,4.149026248941579,330.113,1.6983980283425737,225.861,13.172122481497993,523.904,1.7884239137826219,271.812,3.465444523958161,2.791,23.114247904719896,129.9,7.089859851607594,103.82,4.3962673960260545,239.054,1.6338521582748955
34,2021,February,263.014,1.6762152173745104,6.2,143443.0,-5.821061132303407,,,30.06,5.2889667250437755,121.9,2.9560810810810745,329.217,1.4533083102979738,213.277,2.362805609683516,523.323,2.029385043106635,271.363,3.6227069299974213,2.496,1.2576064908722095,128.0,2.976669348350769,103.394,3.7654804199032554,238.313,1.1712813197823024
35,2021,January,261.582,1.3997697415600863,6.4,142916.0,-6.004143510145021,,,29.93,5.239099859353025,120.9,1.5966386554621792,328.564,1.593956878132663,205.273,-3.647151044624797,522.162,1.9795869740989902,270.938,3.784997146217095,2.326,-9.38839111803662,126.5,1.0383386581469534,103.679,4.205236444042404,238.131,1.2771766867408552
36,2020,December,260.474,1.3620054947193205,6.7,142518.0,-6.1096763992832255,,,29.9,5.393020796616144,119.4,0.8445945945946054,328.095,1.8283447753597137,198.155,-6.961621169864118,520.809,1.8398513883457257,270.023,3.9257494525119174,2.168,-16.196366447622733,124.6,-0.32000000000000917,104.402,4.955113447870274,238.199,1.489542102146113
37,2020,November,260.229,1.1745357842679605,6.7,142761.0,-5.871454380019248,,,29.63,4.514991181657835,119.3,0.8453085376162406,327.683,1.9019364549222928,194.388,-9.433645800331725,520.899,2.4492276465937435,269.069,3.700663282806693,2.09,-20.22900763358779,123.4,-1.0425020048115408,104.18,5.196195246077107,237.86,1.4890984340999225
38,2020,October,260.388,1.1820661677274913,6.8,142493.0,-5.919132696853257,,,29.54,4.640453418349266,119.5,0.5892255892255838,327.32,2.0276483331514994,196.458,-9.194780703578909,521.028,2.8685150414907046,269.828,3.927096813952047,2.159,-19.229330340441464,123.3,-0.9638554216867545,103.783,4.756184958262266,237.044,1.327269074416848
39,2020,September,260.28,1.3713248610564666,7.8,141820.0,-6.301616036152701,,,29.51,4.756833510827119,118.7,0.33812341504648735,326.95,2.0526010225548674,198.858,-7.687379884689305,522.519,4.165885866249885,269.163,3.9468145499202745,2.193,-16.615969581749045,123.4,-1.2799999999999923,102.87,3.839864332869003,236.785,1.4559508455912251
40,2020,August,259.918,1.3096453823307153,8.4,140774.0,-6.867784724289638,,,29.48,4.799146818343414,118.5,-0.2525252525252486,326.693,2.2955141813991498,197.362,-9.04054788964781,522.698,4.400747006481365,269.079,4.128710189234153,2.177,-18.00376647834274,123.2,-1.3610888710968827,100.845,1.593745907337074,236.209,1.273371948945079
41,2020,July,259.101,0.9860818253037085,10.2,139240.0,-7.747757297891789,,,29.38,4.853675945753033,118.4,-0.2527379949452402,326.249,2.348132160469829,197.665,-11.158603455405135,522.368,4.988041402874099,268.863,4.09990939854572,2.176,-21.613832853025926,122.1,-2.7866242038216527,98.74,-0.25456602553742824,234.752,0.948629518460864
42,2020,June,257.797,0.6457330475554857,11.0,137655.0,-8.743470075044414,,,29.38,5.116279069767438,117.7,-0.6751054852320637,325.491,2.3759424036837506,193.379,-12.645625256919313,520.768,5.065145199753074,269.77,4.536084072168123,2.076,-24.563953488372082,120.6,-3.9808917197452276,97.819,-1.3881608129360012,233.029,0.3168412306870927
43,2020,May,256.394,0.11792637021070806,13.2,133040.0,-11.683483802442908,,,29.72,6.676238334529794,117.3,-1.0961214165261413,325.22,2.5629704849996715,183.076,-18.911473028218605,519.043,4.912065100729479,268.439,4.001782185889735,1.879,-35.22923129955188,119.0,-6.299212598425196,98.571,-0.7091412742382341,232.598,0.3035869837080707
44,2020,April,256.389,0.3290966863368272,14.8,130421.0,-13.40022044859962,,,30.01,8.02735781137509,116.7,-1.518987341772149,324.504,2.6141786065514205,183.081,-17.716034678807546,516.666,4.815075537955638,266.757,3.5113384140189607,1.876,-33.827160493827165,118.2,-6.782334384858036,98.616,-1.0227329753600745,233.268,0.611602329092098
45,2020,March,258.115,1.5393269919198094,4.4,150898.0,0.4018789838583059,,,28.77,3.4892086330935213,118.1,0.3398470688190214,324.6,3.0129543709101148,199.573,-5.73907540004911,514.699,4.741351241351244,262.708,1.9338517173410397,2.267,-11.583463338533551,121.3,-4.18641390205371,99.448,-0.44049335255487154,235.211,1.4802830270083778
46,2020,February,258.678,2.3348735639459495,3.5,152309.0,1.4939993469583523,,,28.55,3.031396607722847,118.4,1.110162254483349,324.501,3.3235369973540374,208.354,2.769063825589435,512.914,4.656249617420327,261.876,1.8093320167015259,2.465,4.759881002974908,124.3,-1.2708498808578272,99.642,-0.42173009274064643,235.554,1.6993497914669975
47,2020,January,257.971,2.4865719552504606,3.6,152045.0,1.3214537990963837,,,28.44,3.080826386371882,119.0,1.9708654670094194,323.409,3.3248988824352566,213.043,6.222483708360982,512.026,4.49851423719958,261.057,1.8095524087716752,2.567,12.14504150283966,125.2,0.48154093097914075,99.495,-0.9793091093661332,235.128,1.523316062176172
48,2019,December,256.974,2.2851297401217163,3.6,151792.0,1.3270673680275458,,,28.37,2.9764065335753154,118.4,1.3698630136986356,322.204,3.2268399266976777,212.982,3.4370219275879688,511.4,4.619287263205263,259.823,1.8075310528584243,2.587,7.166528583264298,125.0,0.4823151125401992,99.473,-0.6094941198804937,234.703,1.553352688944365
49,2019,November,257.208,2.0512779818916194,3.6,151666.0,1.3661092620069315,,,28.35,3.316326530612246,118.3,1.0247651579846417,321.567,3.315694609104658,214.636,-0.5900606734287384,508.446,4.272017882960943,259.467,2.00016510796881,2.62,-1.9093972295020523,124.7,-1.188589540412044,99.034,-0.4293140024733244,234.37,1.6216450591857168
50,2019,October,257.346,1.7640429444213845,3.6,151458.0,1.2927604079585375,,,28.23,3.142126415783708,118.8,1.0204081632653184,320.815,3.3550149645136473,216.351,-4.166426733168849,506.499,4.2925798720071295,259.632,2.0734555233175245,2.673,-7.412538967786631,124.5,-2.961808261886212,99.071,0.2489248671894817,233.939,1.5871706240989436
51,2019,September,256.759,1.7113045131695204,3.5,151358.0,1.337029077202212,,,28.17,3.111273792093705,118.3,1.4579759862778818,320.374,3.506051266145871,215.418,-4.751840470452984,501.622,3.418900335849284,258.943,1.7885712264095188,2.63,-8.458057779324758,125.0,-2.114330462020364,99.066,0.47975008367733274,233.387,1.51100633717971
52,2019,August,256.558,1.7497798894291483,3.6,151155.0,1.26009887857228,,,28.13,3.4191176470588225,118.8,1.8867924528301883,319.362,3.3520601675059325,216.978,-4.389285226426476,500.665,3.384867626318222,258.41,1.7053885239514122,2.655,-7.232704402515733,124.9,-2.1159874608150386,99.263,0.3913993284518025,233.239,1.6469101368430161
53,2019,July,256.571,1.8114648063935146,3.7,150934.0,1.2823523885574728,,,28.02,3.4330011074197087,118.7,1.6267123287671215,318.764,3.478006817075152,222.492,-2.032081794044216,497.55,2.5356211076443813,258.274,1.7844616269813152,2.776,-3.376261747302489,125.6,-1.9516003122560521,98.992,0.2572464502015537,232.546,1.2504680547210434
54,2019,June,256.143,1.6484846560762545,3.6,150844.0,1.2593308630041378,,,27.95,3.3653846153846256,118.5,1.6295025728988,317.937,3.5008447733110293,221.373,-3.3883659120962584,495.662,1.9442256313642936,258.064,1.9085341052240912,2.752,-5.559368565545652,125.6,-2.028081123244929,99.196,0.36017806556050136,232.293,1.138550492428525
55,2019,May,256.092,1.7902284687663972,3.6,150640.0,1.2671842963261737,,,27.86,3.2616753150481737,118.6,2.06540447504302,317.093,3.352259393496926,225.773,-0.45721088135444177,494.741,2.104663569590315,258.11,1.980260610514506,2.901,-0.20639834881321928,127.0,-0.9360374414976502,99.275,0.4248647008244344,231.894,1.0470998862700531
56,2019,April,255.548,1.9964397755302565,3.7,150602.0,1.4660504224327298,,,27.78,3.232998885172811,118.5,2.420051858254113,316.237,3.4400758864320258,222.499,1.6766439702051716,492.931,1.9343351730954916,257.708,1.7767930839741153,2.835,3.5805626598465423,126.8,-0.2360346184106965,99.635,0.8880293242066628,231.85,1.1200181435960799
57,2019,March,254.202,1.8625227405691724,3.8,150294.0,1.358241165362828,,,27.8,3.4996276991809516,117.7,1.9930675909878737,315.106,3.37716362872853,211.724,-0.3904890051469323,491.4,1.7227031659483583,257.724,2.1214882910012944,2.564,-0.3110419906687367,126.6,0.07905138339920903,99.888,0.4343629343629418,231.78,1.1177132685914692
58,2019,February,252.776,1.520135265933309,3.8,150067.0,1.3596390506166678,,,27.71,3.5887850467289706,117.1,1.9147084421235805,314.063,3.3836541753351046,202.74,-5.048262683882932,490.094,1.763704318936865,257.222,1.9645929296853382,2.353,-8.621359223300972,125.9,-0.7097791798107211,100.064,0.523391900987491,231.618,1.1829976846795764
59,2019,January,251.712,1.5512351381991252,4.0,150062.0,1.6218925013713248,,,27.59,3.217358772914336,116.7,1.9213973799126594,313.002,3.228423583421547,200.563,-4.794387244081788,489.984,1.9107856330218276,256.417,1.6072214010881103,2.289,-9.846396218983855,124.6,-1.5019762845849827,100.479,0.9626109062409016,231.6,1.3837392039012686
60,2018,December,251.233,1.9101588486313714,3.9,149804.0,1.547576277275775,,,27.55,3.532506576475014,116.8,2.6362038664323295,312.132,3.208697607364397,205.905,-0.3354340313071802,488.82,2.073331927307054,255.21,1.5809710314522496,2.414,-1.8300122000813324,124.4,-0.8764940239043728,100.083,1.220720902949135,231.113,1.560900154244349
61,2018,November,252.038,2.176601032152403,3.8,149622.0,1.5246819338422313,,,27.44,3.430079155672816,117.1,2.629272567922869,311.247,3.25680920943503,215.91,3.1172540273088023,487.615,2.0561291443329743,254.379,1.39832822446595,2.671,4.827315541601251,126.2,0.7182761372705571,99.461,0.9756345177664993,230.63,1.4659169900307134
62,2018,October,252.885,2.5224699286070296,3.8,149525.0,1.6167615837331617,,,27.37,3.3220083050207627,117.6,3.0674846625766916,310.401,3.1870192211798543,225.757,8.908775145930825,485.652,1.6708152682494815,254.358,1.1911013510287782,2.887,16.22383252818036,128.3,3.384367445608394,98.825,0.6733629436453281,230.284,1.3609634142047078
63,2018,September,252.439,2.2769721941990007,3.7,149361.0,1.6068136517935594,,,27.32,3.133257833144598,116.6,2.7312775330396333,309.522,3.2734867922765476,226.165,4.846298983361996,485.039,1.6448374861166348,254.393,1.3546194515384968,2.873,9.239543726235745,127.7,3.0669895076674614,98.593,0.9822397935145499,229.913,1.4181863095395597
64,2018,August,252.146,2.6991801041874375,3.8,149274.0,1.6112234270660997,,,27.2,3.1084154662623265,116.6,3.0035335689045928,309.004,3.3790113213607142,226.939,10.221278910507348,484.273,1.4824004241417166,254.077,1.4307785047885657,2.862,20.556023588879533,127.6,3.824247355573629,98.876,0.6504677463684772,229.46,1.208539167254763
65,2018,July,252.006,2.9495150866471143,3.8,149023.0,1.533671272449788,,,27.09,2.7693474962063647,116.8,3.362831858407067,308.05,3.4849971109528477,227.107,12.121705816720475,485.246,1.8827200023515678,253.746,1.411591677524049,2.873,25.953529153879874,128.1,4.828150572831413,98.738,0.3832819918463626,229.674,1.3776025918879942
66,2018,June,251.989,2.87154783531669,4.0,148968.0,1.6235981117144638,,,27.04,2.9702970297029507,116.6,3.2772364924712027,307.183,3.3538011204010676,229.137,11.96749508908066,486.209,2.4693777766537695,253.231,1.4331892667021728,2.914,24.689773213521615,128.2,4.738562091503251,98.84,-0.045507407594680416,229.678,1.429959371135836
67,2018,May,251.588,2.8010117148075553,3.8,148755.0,1.6162416575015826,,,26.98,2.9378099961846704,116.2,3.105590062111796,306.808,3.4901724004169132,226.81,11.656459838922473,484.543,2.4444956562737152,253.098,1.2327211058492438,2.907,21.835708298407376,128.2,4.482477587612044,98.855,-0.44412665162746334,229.491,1.3778205785167863
68,2018,April,250.546,2.462743943334811,4.0,148426.0,1.541324321181059,,,26.91,2.8276652655712553,115.7,2.661934338952965,305.72,3.3742362404942217,218.83,7.867638722525383,483.577,2.2346392336688448,253.209,1.389450586412222,2.737,13.192721257237384,127.1,3.5016286644951045,98.758,-0.5978742249778679,229.282,1.245242027360005
69,2018,March,249.554,2.3597114039729084,4.0,148280.0,1.5783416452019416,,,26.86,2.8724626579854418,115.4,2.943800178412137,304.812,3.3218987702195113,212.554,7.027800017120089,483.078,1.9829633617277187,252.37,1.2862962294062141,2.572,10.718897976754205,126.5,3.2653061224489743,99.456,0.07244626901714568,229.218,1.2308385335930039
70,2018,February,248.991,2.2117954212386604,4.1,148054.0,1.512533596621135,,,26.75,2.6083621020329906,114.9,2.7728085867620766,303.784,3.1374026882322825,213.519,7.731779308257036,481.6,1.7882694092011153,252.266,1.3967547057570417,2.575,12.005219660722055,126.8,3.3414832925835247,99.543,0.07942572186923069,228.91,0.9383460768491281
71,2018,January,247.867,2.0705076202751638,4.0,147667.0,1.3945727704688382,,,26.73,2.807692307692311,114.5,2.5985663082437327,303.213,3.2147707892936417,210.663,5.538355176145249,480.797,1.9752526066632248,252.361,1.6592679723817838,2.539,7.996597192683974,126.5,3.4341782502044227,99.521,0.2538556850577578,228.439,0.9059667473541033
72,2017,December,246.524,2.1090824745684245,4.1,147521.0,1.4517571006120722,,,26.61,2.662037037037024,113.8,2.522522522522519,302.428,3.194502262289056,206.598,6.876144558368602,478.891,1.7749857078796838,251.238,1.5870576961178884,2.459,10.26905829596414,125.5,3.2072368421052655,98.876,-0.37582242642242303,227.561,0.7227966431783583
73,2017,November,246.669,2.202582938683184,4.2,147375.0,1.5063228365980619,,,26.53,2.432432432432452,114.1,2.9783393501805033,301.43,3.1492640994843057,209.383,9.394363695259212,477.791,1.6762641674859635,250.871,1.3886475235920681,2.548,16.506630086877006,125.3,3.4682080924855585,98.5,-0.8964594379772817,227.298,0.7008807528044114
74,2017,October,246.663,2.0411287019761692,4.2,147146.0,1.4317324859205005,,,26.49,2.3174971031286073,114.1,2.7927927927927865,300.814,3.2384050957862343,207.29,6.419352520201649,477.671,1.6864325416339199,251.364,1.326625630358813,2.484,10.744538564422657,124.1,2.39273927392738,98.164,-1.8369816301836983,227.192,0.6766667405224691
75,2017,September,246.819,2.2329638650032235,4.3,146999.0,1.4058953787570383,,,26.49,2.7939464493597077,113.5,2.622061482820981,299.711,3.2172855917814935,215.711,10.139799440393782,477.19,1.5695506325880793,250.993,1.2407378275793857,2.63,19.11231884057969,123.9,2.736318407960203,97.634,-2.79273987196208,226.698,0.41237204728770127
76,2017,August,245.519,1.9389742120581754,4.4,146907.0,1.5504894099430455,,,26.38,2.5660964230171057,113.2,2.443438914027163,298.904,3.2958146575110314,205.894,6.391972055145612,477.199,1.7438488763805493,250.493,1.1198172122445227,2.374,10.16241299303946,122.9,1.9917012448132931,98.237,-1.7688938663680265,226.72,0.4621649525649474
77,2017,July,244.786,1.727978456372492,4.3,146772.0,1.5617755942289646,,,26.36,2.6080186843129516,113.0,1.9855595667870096,297.676,3.1720064881950893,202.554,3.3755231193222546,476.279,2.5493121809322616,250.214,1.0745130355397148,2.281,2.516853932584273,122.2,1.1589403973510048,98.361,-1.9126636683652554,226.553,0.590525834395228
78,2017,June,244.955,1.633487955256463,4.3,146588.0,1.6898829013818784,,,26.26,2.4980483996877467,112.9,1.895306859205781,297.215,3.2645516800489105,204.646,2.305096608093571,474.492,2.6838927481659614,249.653,0.8772355161183354,2.337,-1.10029623360135,122.4,1.4084507042253502,98.885,-1.6226272434239353,226.44,0.5640182972864949
79,2017,May,244.733,1.8748777208413614,4.4,146389.0,1.7289664422067919,,,26.21,2.4628616106333157,112.7,2.268602540834852,296.461,3.3487301946976578,203.132,5.428368271631201,472.981,2.7132144881397258,250.016,0.8698458807391285,2.386,5.388692579505316,122.7,2.335279399499579,99.296,-1.6101703312491944,226.372,0.5722308116081098
80,2017,April,244.524,2.199689878417299,4.4,146173.0,1.6106384161939769,,,26.17,2.5068546807677228,112.7,2.454545454545465,295.741,3.4591205969501715,202.869,9.27380259840993,473.007,2.996657557512883,249.739,0.5337884893302558,2.418,13.308341143392699,122.8,3.6286919831223674,99.352,-1.3552826235888604,226.462,0.7693574152438654
81,2017,March,243.801,2.3806124334402767,4.4,145976.0,1.607896092325256,,,26.11,2.59332023575638,112.1,2.1877848678213185,295.012,3.4686905956046843,198.597,10.937508728221346,473.685,3.4872619466358445,249.165,0.47867149505196327,2.323,18.641470888661903,122.5,4.078164825828368,99.384,-0.9399264405394292,226.431,1.0194248391673488
82,2017,February,243.603,2.7379581714893186,4.6,145848.0,1.699311768274403,,,26.07,2.7186761229314405,111.8,2.007299270072993,294.543,3.5293249256595827,198.195,15.188799321170965,473.139,3.549183449253923,248.791,-0.0036173633440550468,2.299,30.107526881720425,122.7,4.692832764505117,99.464,-0.8908108969887807,226.782,1.302564927233263
83,2017,January,242.839,2.5000422090529995,4.7,145636.0,1.7039582111232132,,,26.0,2.4428684003152235,111.6,1.731996353691878,293.769,3.5440619779073312,199.608,10.788084652913078,471.484,3.806743373976751,248.242,-0.15645675720245,2.351,19.522114895780373,122.3,3.8200339558573937,99.269,-0.9429820184804427,226.388,1.3184629568299577
84,2016,December,241.432,2.074622132966919,4.7,145410.0,1.6263287742079857,,,25.92,2.694136291600646,111.0,1.7415215398716821,293.066,3.637823176402777,193.306,5.413953691282503,470.539,3.9332320224768624,247.313,-0.23799631307406255,2.23,8.252427184466015,121.6,1.9279128248113953,99.249,-0.9283382744886715,225.928,1.1587713799588117
85,2016,November,241.353,1.6925371625037933,4.7,145188.0,1.6651494993347837,,,25.9,2.5742574257425765,110.8,1.279707495429605,292.227,3.5792137639165,191.402,1.1280360548854285,469.914,3.911548454862057,247.435,-0.3507768640306774,2.187,0.09153318077801398,121.1,0.2483443708609201,99.391,-1.0187822415200998,225.716,1.1122907455438868
86,2016,October,241.729,1.6359875209176034,4.9,145069.0,1.7428322953487063,,,25.89,2.7788805081381485,111.0,1.0928961748633892,291.378,3.535172281463539,194.786,0.1465288096205164,469.749,4.230930525138632,248.073,-0.3930905995535028,2.243,-2.009611183923121,121.2,-0.24691358024691024,100.001,-0.6842784784983569,225.665,1.2445545131925417
87,2016,September,241.428,1.4637836474815646,5.0,144961.0,1.8950550029873892,,,25.77,2.628434886499398,110.6,0.6369426751592355,290.369,3.430969198929956,195.852,-2.8709439052573615,469.816,4.952105225534331,247.917,-0.28757360275427635,2.208,-7.769423558897238,120.6,-1.066447908121415,100.439,-0.5042199944525927,225.767,1.4327561573920011
88,2016,August,240.849,1.0628745027610353,4.9,144664.0,1.7828748328994504,,,25.72,2.5109605420486236,110.5,0.0,289.367,3.3745235262806483,193.524,-9.24932472989195,469.02,5.01733047925268,247.719,0.019380549196323926,2.155,-19.55953714072415,120.5,-2.191558441558439,100.006,-0.9900401956319471,225.677,1.5373886439305373
89,2016,July,240.628,0.8271388704987004,4.8,144515.0,1.7790110501517686,,,25.69,2.760000000000007,110.8,0.0,288.524,3.291817176161449,195.94,-10.876407765223883,464.439,3.9122681803232195,247.554,0.2230742136735353,2.225,-21.433615819209027,120.8,-3.6682615629984094,100.279,-0.9414019282440345,225.223,1.35820526090773
90,2016,June,241.018,0.9973264945230875,4.9,144152.0,1.734006139948474,,,25.62,2.603123748498204,110.8,0.1808318264014508,287.819,3.426355809173365,200.035,-9.429460158199044,462.09,3.5310196491385337,247.482,0.32511756121289537,2.363,-16.560734463276827,120.7,-4.660347551342802,100.516,-0.7788361877498651,225.17,1.4192479022065552
91,2016,May,240.229,1.019322554193569,4.8,143901.0,1.6687979991380386,,,25.58,2.4429315178213784,110.2,0.0,286.855,3.3622317349130126,192.673,-10.104511734241594,460.487,3.0764891671497985,247.86,0.6795647211266242,2.264,-18.414414414414416,119.9,-5.217391304347818,100.921,-0.3397027600849145,225.084,1.4504250313252198
92,2016,April,239.261,1.125110418894426,5.1,143856.0,1.8795767765329208,,,25.53,2.5713137806347985,110.0,0.18214936247722413,285.853,3.194911246448595,185.652,-8.86679920477138,459.245,3.0108428924548347,248.413,0.9312492635736191,2.134,-14.12474849094567,118.5,-5.275779376498802,100.717,-0.34630492643493715,224.733,1.4019113280932638
93,2016,March,238.132,0.8525362211427412,5.0,143666.0,1.9450062089763964,,,25.45,2.373290426387764,109.7,-0.09107468123861207,285.122,3.208594864221137,179.017,-12.559895667974075,457.723,3.336772451534409,247.978,0.7856286451665362,1.958,-21.14377768828031,117.7,-6.065442936951316,100.327,-0.45344499126845905,224.146,1.3671124215934194
94,2016,February,237.111,1.0177997801654737,4.9,143411.0,1.8319830151032113,,,25.38,2.3799919322307295,109.6,0.09132420091324533,284.502,3.2787599375612597,172.061,-12.480353209865868,456.922,3.586706899326919,248.8,0.8594130047024473,1.767,-21.431747443308147,117.2,-6.613545816733069,100.358,-0.09954408807660853,223.866,1.4542933149639392
95,2016,January,236.916,1.3730868138309926,4.8,143196.0,1.8739061766337883,,,25.38,2.5454545454545396,109.7,0.0,283.714,3.2580924582001902,180.171,-6.462498507416203,454.194,2.9099288321539962,248.631,0.8489563475001738,1.967,-6.77725118483411,117.8,-6.507936507936507,100.214,0.205983521318287,223.442,1.3360786590232987
96,2015,December,236.525,0.7295197860415881,5.0,143083.0,1.9356539332886946,,,25.24,2.518277822908188,109.1,-1.0879419764279308,282.779,3.2051445818749746,183.378,-12.587649259956624,452.732,2.5524165050830883,247.903,0.7834097635541548,2.06,-19.53125,119.3,-8.301306687163724,100.179,-0.28765378030816136,223.34,1.2503286759572463
97,2015,November,237.336,0.5017975786678841,5.1,142810.0,1.9430643595454322,,,25.25,2.3925385239253805,109.4,-1.2635379061371799,282.129,3.179171725742047,189.267,-14.68464326283334,452.225,2.916879073662737,248.306,1.2700251231687831,2.185,-24.31589885694493,120.8,-9.513108614232213,100.414,-0.39874623075701887,223.233,1.1431289927959831
98,2015,October,237.838,0.17057443573555986,5.0,142584.0,1.9884981831707282,,,25.19,2.4816924328722623,109.8,-1.4362657091562037,281.429,3.189601437318945,194.501,-17.143709131184902,450.681,2.9520876831491405,249.052,1.5850484977525392,2.289,-28.064110622250148,121.5,-10.661764705882348,100.69,-0.3878039611404538,222.891,0.994123164338423
99,2015,September,237.945,-0.03612974780596856,5.0,142265.0,1.935312831389191,,,25.11,2.281059063136448,109.9,-1.080108010801073,280.737,3.1673759178003857,201.641,-18.389408969673426,447.648,2.4152865192831774,248.632,1.6359399910068406,2.394,-29.650308551278282,121.9,-11.602610587382156,100.948,-0.08314197481986696,222.578,0.9827051158739053
100,2015,August,238.316,0.1950792930057288,5.1,142130.0,2.0630919810135318,,,25.09,2.241238793806044,110.5,-0.9856630824372714,279.921,3.1043157650473496,213.248,-15.024048519432087,446.612,2.424313309986914,247.671,1.5831935392578655,2.679,-23.03935650675094,123.2,-11.366906474820137,101.006,0.1725642653126025,222.26,0.9488079719854214
101,2015,July,238.654,0.1695697796432194,5.2,141989.0,2.0945382380856525,,,25.0,2.12418300653594,110.8,-0.7168458781361964,279.329,3.1149059954003633,219.852,-14.755318777698934,446.953,2.544142209496547,247.003,1.6331048330686215,2.832,-22.047894302229565,125.4,-10.492505353319048,101.232,0.5043485167388173,222.205,0.9155770724241563
102,2015,June,238.638,0.12377120368545214,5.3,141695.0,2.0614695353410317,,,24.97,2.085036794766948,110.6,-0.5395683453237488,278.284,3.0113011708353454,220.861,-15.007042307721917,446.33,2.5605084710710546,246.68,1.7967531342076404,2.832,-23.35588633288227,126.6,-9.89323843416371,101.305,0.6857824380062771,222.019,0.8934211303640582
103,2015,May,237.805,-0.039932744850779134,5.6,141539.0,2.1942238267147918,,,24.97,2.336065573770485,110.2,-0.8100810081008047,277.524,2.8952783493687795,214.33,-16.271456586791256,446.743,2.8740714131100464,246.187,1.5857623873502202,2.775,-24.817122730967213,126.5,-9.707351891506066,101.265,0.5271308594913426,221.866,0.9316798442347674
104,2015,April,236.599,-0.1995174461766891,5.4,141202.0,2.09981344632606,,,24.89,2.259654889071494,109.8,-1.0810810810810811,277.003,3.0045775184718293,203.715,-19.390068733009656,445.822,2.8994137469418035,246.121,1.982290324318292,2.485,-32.085269199234766,125.1,-10.450966356478164,101.067,0.3106576413839601,221.626,0.944191152022511
105,2015,March,236.119,-0.07363739086643228,5.4,140925.0,2.1291860827469256,,,24.86,2.2203947368421018,109.8,-0.9025270758122761,276.258,2.9710720236165056,204.731,-18.28508479582348,442.943,2.483046474985584,246.045,2.3490212064992244,2.483,-29.699886749716875,125.3,-10.8185053380783,100.784,0.04169065533738969,221.123,0.870378395638971
106,2015,February,234.722,-0.025129801815304553,5.5,140831.0,2.2663568368310294,,,24.79,1.8906699547883266,109.5,-0.544959128065392,275.47,2.986754199363695,196.597,-18.775331452109345,441.101,2.311098328373573,246.68,2.951487429468136,2.249,-33.145065398335305,125.5,-10.22889842632333,100.458,-0.41634449533100026,220.657,0.7630624788799389
107,2015,January,233.707,-0.08934831306964819,5.7,140562.0,2.189006259496473,,,24.75,2.146099876186547,109.7,0.0,274.762,2.948758299237153,192.619,-19.591652716957974,441.351,2.642393177499902,246.538,3.20925014233564,2.11,-36.44578313253012,126.0,-8.893709327548816,100.008,-1.0076613940965706,220.496,0.6950596874514936
108,2014,December,234.812,0.7564932696557447,5.6,140366.0,2.183202661483463,,,24.62,1.8196856906534276,110.3,0.9149130832570851,273.997,2.918175398530587,209.785,-10.55546554561656,441.464,2.9961131253178674,245.976,3.408178451164301,2.56,-21.87976808056149,130.1,-5.587808417997109,100.468,-1.0518436810589282,220.582,0.7012225742538014
109,2014,November,236.151,1.3223551823708934,5.8,140088.0,2.0216732696341166,,,24.66,2.0695364238410674,110.8,1.279707495429605,273.436,2.9906288606984743,221.844,-4.843524809553223,439.408,2.549214091508456,245.192,3.1774820001599036,2.887,-11.19655490618271,133.5,-3.05010893246187,100.816,-0.7403906742280975,220.71,0.854505574849207
110,2014,October,237.433,1.664340215632043,5.7,139804.0,2.0176738008887973,,,24.58,2.0340390203403835,111.4,1.5496809480401108,272.73,3.0398512943736744,234.745,-1.5843269440391716,437.758,2.140060571273894,245.166,3.06678830122209,3.182,-5.718518518518523,136.0,-2.087832973362136,101.082,-0.3813972740442928,220.697,0.9495885573663987
111,2014,September,238.031,1.657918675715031,5.9,139564.0,2.0063002945497344,,,24.55,2.0365752285951944,111.1,1.5539305301645268,272.118,2.9498223750666686,247.077,-0.5778369743232759,437.091,2.054916061547085,244.63,2.9925648992514375,3.403,-4.302587176602923,137.9,-1.3590844062947083,101.032,-0.23501530561864659,220.412,0.8829062215366834
112,2014,August,237.852,1.6996113341628316,6.1,139257.0,1.9197271542954253,,,24.54,2.164862614487917,111.6,1.9178082191780854,271.493,2.892821951034641,250.951,0.375983456727913,436.041,2.0771687017754115,243.811,2.697909909606322,3.481,-3.3055555555555616,139.0,-0.2869440459110528,100.832,-0.03172588832488499,220.171,0.9148619227684174
113,2014,July,238.25,1.9923286357643066,6.2,139076.0,1.96860496660336,,,24.48,2.0850708924103456,111.6,1.9178082191780854,270.891,2.90686410448302,257.907,2.600548991526419,435.864,2.554304860143808,243.034,2.5455588794983885,3.633,0.1378169790518191,140.1,0.8639308855291405,100.724,-0.07737941707506302,220.189,1.090843980845957
114,2014,June,238.343,2.0723413731670526,6.1,138833.0,1.8815724779663645,,,24.46,2.086811352253748,111.2,1.831501831501825,270.149,2.797596624010157,259.858,3.1505908598330468,435.187,2.5692575291195174,242.326,2.3370721983850817,3.695,1.7065785851912985,140.5,1.2247838616714635,100.615,-0.03179429093764785,220.053,1.3000105879049206
115,2014,May,237.9,2.1271115499366777,6.3,138500.0,1.7708869130722338,,,24.4,2.13478442863122,111.1,2.113970588235281,269.715,2.841422541494598,255.982,3.299771998143708,434.262,2.8286875230869812,242.344,2.4597718644039146,3.691,1.8768975986751313,140.1,0.5021520803443202,100.734,0.32267702420076816,219.818,1.3079546501981953
116,2014,April,237.072,1.9528578985167577,6.2,138298.0,1.782507580440984,,,24.34,1.9689987431922962,111.0,1.83486238532109,268.923,2.768277164006294,252.717,3.2522052484709407,433.26,2.4194787542107576,241.337,1.898319969937634,3.659,1.9220055710306383,139.7,-0.3566333808844524,100.754,0.2816733186690623,219.553,1.1466664209633937
117,2014,March,236.293,1.51220287576308,6.7,137987.0,1.6928292431277248,,,24.32,2.184873949579824,110.8,1.5582034830430747,268.287,2.722685085919063,250.543,0.39188187446157485,432.211,2.1560475455518757,240.398,1.7204610463246617,3.532,-5.4350736278447105,140.5,-0.4957507082152923,100.742,0.18297897730663593,219.215,0.880805886765379
118,2014,February,234.781,1.1263492501055294,6.7,137710.0,1.5950069348127593,,,24.33,2.3128679562657517,110.1,1.194852941176472,267.481,2.593596937699205,242.041,-2.4602451782418377,431.137,2.261854217613335,239.608,1.3994862484712378,3.364,-8.908746276739787,139.8,-1.0615711252653925,100.878,0.11214211283678832,218.986,0.8167136253982354
119,2014,January,233.916,1.5789473684210575,6.6,137551.0,1.6915194842639814,,,24.23,2.0210526315789457,109.7,1.2927054478301114,266.892,2.5947367207140637,239.551,2.0999556737588687,429.989,2.107505331098003,238.872,1.07091025255881,3.32,-0.9250969859743385,138.3,-1.2847965738757905,101.026,0.1060256245107416,218.974,0.9050274180913309
120,2013,December,233.049,,6.7,137367.0,,,,24.18,,109.3,,266.228,,234.542,,428.622,,237.869,,3.277,,137.8,,101.536,,219.046,
121,2013,November,233.069,,6.9,137312.0,,,,24.16,,109.4,,265.496,,233.136,,428.485,,237.641,,3.251,,137.7,,101.568,,218.84,
122,2013,October,233.546,,7.2,137039.0,,,,24.09,,109.7,,264.684,,238.524,,428.586,,237.871,,3.375,,138.9,,101.469,,218.621,
123,2013,September,234.149,,7.2,136819.0,,,,24.06,,109.4,,264.321,,248.513,,428.29,,237.522,,3.556,,139.8,,101.27,,218.483,
124,2013,August,233.877,,7.2,136634.0,,,,24.02,,109.5,,263.86,,250.011,,427.168,,237.406,,3.6,,139.4,,100.864,,218.175,
125,2013,July,233.596,,7.3,136391.0,,,,23.98,,109.5,,263.239,,251.37,,425.008,,237.001,,3.628,,138.9,,100.802,,217.813,
126,2013,June,233.504,,7.5,136269.0,,,,23.96,,109.2,,262.797,,251.921,,424.286,,236.792,,3.633,,138.8,,100.647,,217.229,
127,2013,May,232.945,,7.5,136090.0,,,,23.89,,108.8,,262.263,,247.805,,422.316,,236.526,,3.623,,139.4,,100.41,,216.98,
128,2013,April,232.531,,7.6,135876.0,,,,23.87,,109.0,,261.679,,244.757,,423.025,,236.841,,3.59,,140.2,,100.471,,217.064,
129,2013,March,232.773,,7.5,135690.0,,,,23.8,,109.1,,261.176,,249.565,,423.089,,236.332,,3.735,,141.2,,100.558,,217.301,
130,2013,February,232.166,,7.7,135548.0,,,,23.78,,108.8,,260.719,,248.146,,421.601,,236.301,,3.693,,141.3,,100.765,,217.212,
131,2013,January,230.28,,8.0,135263.0,,,,23.75,,108.3,,260.142,,234.624,,421.114,,236.341,,3.351,,140.1,,100.919,,217.01,
132,2023,4th Quarter,,,,,,0.5,-96.5034965034965,,,,,,,,,,,,,,,,,,,,
133,2023,3rd Quarter,,,,,,-1.1,-90.09009009009009,,,,,,,,,,,,,,,,,,,,
134,2023,2nd Quarter,,,,,,2.6,-27.77777777777778,,,,,,,,,,,,,,,,,,,,
135,2023,1st Quarter,,,,,,7.4,-36.206896551724135,,,,,,,,,,,,,,,,,,,,
136,2022,4th Quarter,,,,,,-2.0,-162.5,,,,,,,,,,,,,,,,,,,,
137,2022,3rd Quarter,,,,,,6.6,-320.0,,,,,,,,,,,,,,,,,,,,
138,2022,2nd Quarter,,,,,,5.3,-282.7586206896552,,,,,,,,,,,,,,,,,,,,
139,2022,1st Quarter,,,,,,8.0,35.593220338983045,,,,,,,,,,,,,,,,,,,,
140,2021,4th Quarter,,,,,,3.1,40.90909090909089,,,,,,,,,,,,,,,,,,,,
141,2021,3rd Quarter,,,,,,8.2,164.51612903225805,,,,,,,,,,,,,,,,,,,,
142,2021,2nd Quarter,,,,,,6.1,306.66666666666663,,,,,,,,,,,,,,,,,,,,
143,2021,1st Quarter,,,,,,-2.0,-281.8181818181818,,,,,,,,,,,,,,,,,,,,
144,2020,4th Quarter,,,,,,14.3,376.6666666666667,,,,,,,,,,,,,,,,,,,,
145,2020,3rd Quarter,,,,,,-11.1,-892.8571428571429,,,,,,,,,,,,,,,,,,,,
146,2020,2nd Quarter,,,,,,3.6,43.99999999999999,,,,,,,,,,,,,,,,,,,,
147,2020,1st Quarter,,,,,,11.6,222.2222222222222,,,,,,,,,,,,,,,,,,,,
148,2019,4th Quarter,,,,,,3.2,77.77777777777779,,,,,,,,,,,,,,,,,,,,
149,2019,3rd Quarter,,,,,,-3.0,650.0,,,,,,,,,,,,,,,,,,,,
150,2019,2nd Quarter,,,,,,-2.9,-307.14285714285717,,,,,,,,,,,,,,,,,,,,
151,2019,1st Quarter,,,,,,5.9,-690.0,,,,,,,,,,,,,,,,,,,,
152,2018,4th Quarter,,,,,,2.2,57.14285714285716,,,,,,,,,,,,,,,,,,,,
153,2018,3rd Quarter,,,,,,3.1,138.46153846153845,,,,,,,,,,,,,,,,,,,,
154,2018,2nd Quarter,,,,,,1.5,-28.57142857142857,,,,,,,,,,,,,,,,,,,,
155,2018,1st Quarter,,,,,,1.1,-26.66666666666666,,,,,,,,,,,,,,,,,,,,
156,2017,4th Quarter,,,,,,3.0,-51.61290322580645,,,,,,,,,,,,,,,,,,,,
157,2017,3rd Quarter,,,,,,1.4,-216.66666666666669,,,,,,,,,,,,,,,,,,,,
158,2017,2nd Quarter,,,,,,2.5,-145.45454545454547,,,,,,,,,,,,,,,,,,,,
159,2017,1st Quarter,,,,,,3.6,-70.49180327868851,,,,,,,,,,,,,,,,,,,,
160,2016,4th Quarter,,,,,,1.8,-325.0,,,,,,,,,,,,,,,,,,,,
161,2016,3rd Quarter,,,,,,-0.4,-87.09677419354838,,,,,,,,,,,,,,,,,,,,
162,2016,2nd Quarter,,,,,,1.4,-65.0,,,,,,,,,,,,,,,,,,,,
163,2016,1st Quarter,,,,,,-1.0,-88.09523809523809,,,,,,,,,,,,,,,,,,,,
164,2015,4th Quarter,,,,,,1.4,,,,,,,,,,,,,,,,,,,,,
165,2015,3rd Quarter,,,,,,1.3,,,,,,,,,,,,,,,,,,,,,
166,2015,2nd Quarter,,,,,,2.1,,,,,,,,,,,,,,,,,,,,,
167,2015,1st Quarter,,,,,,1.5,,,,,,,,,,,,,,,,,,,,,
168,2014,4th Quarter,,,,,,6.2,,,,,,,,,,,,,,,,,,,,,
169,2014,3rd Quarter,,,,,,-1.2,,,,,,,,,,,,,,,,,,,,,
170,2014,2nd Quarter,,,,,,-5.5,,,,,,,,,,,,,,,,,,,,,
171,2014,1st Quarter,,,,,,12.2,,,,,,,,,,,,,,,,,,,,,
172,2013,4th Quarter,,,,,,-0.8,,,,,,,,,,,,,,,,,,,,,
173,2013,3rd Quarter,,,,,,-3.1,,,,,,,,,,,,,,,,,,,,,
174,2013,2nd Quarter,,,,,,4.0,,,,,,,,,,,,,,,,,,,,,
175,2013,1st Quarter,,,,,,-8.4,,,,,,,,,,,,,,,,,,,,,
