,year,periodName,CPI,CPI_yoy,Unemployment,NF Employment,NF Employment_yoy,ULC,ULC_yoy,Hourly earnings,Hourly earnings_yoy,PPI,PPI_yoy,Shelter,Shelter_yoy,Energy,Energy_yoy,Food,Food_yoy
0,2023,December,306.746,3.3521228314302265,3.7,157232.0,1.745235707121373,,,34.27,4.100850546780066,141.154,0.9829732436686278,390.037,6.174408950470234,269.375,-2.023008907495172,325.409,2.704843785013833
1,2023,November,307.051,3.1372707088417773,3.7,157016.0,1.7628454399336357,,,34.12,4.024390243902443,141.877,0.7756508150726482,388.266,6.526009657594378,277.029,-5.435684222383785,325.172,2.9491193799725757
2,2023,October,307.671,3.241144651893202,3.8,156843.0,1.8421360206745119,,,34.0,4.102878138395605,142.448,1.2135853346596503,386.536,6.730726750607463,286.754,-4.529579603074973,325.731,3.3007424133349117
3,2023,September,307.789,3.69969812134443,3.8,156738.0,1.9885217527101373,,,33.91,4.2422379342145655,142.898,2.0219039595619215,385.259,7.145856799187911,296.004,-0.4503216823668277,324.704,3.6922546320838467
4,2023,August,307.026,3.6651123843995492,3.8,156476.0,2.050452612631415,,,33.82,4.286154794942965,142.641,1.9119065480655895,382.782,7.248886273850541,294.328,-3.6165725737788756,324.1,4.254121431443503
5,2023,July,305.691,3.177780177942169,3.5,156311.0,2.1774088116093715,,,33.73,4.330343334364373,141.871,1.1312765532776492,381.681,7.658308182664375,284.828,-12.4702295894065,323.523,4.858815293065244
6,2023,June,305.109,2.9691776545588855,3.6,156075.0,2.4033540666089204,,,33.6,4.412678682411442,141.181,0.25706758320966916,380.006,7.798839195039053,283.854,-16.738091676273104,322.556,5.741851095426509
7,2023,May,304.127,4.047609272791974,3.7,155970.0,2.5834966653950797,,,33.45,4.335620711166555,140.912,1.0708726931049517,378.622,8.026785434064987,279.816,-11.66336764942656,322.249,6.691542123838734
8,2023,April,303.363,4.930320398188925,3.4,155689.0,2.644417779770314,,,33.34,4.383218534752675,141.303,2.2608355828309668,376.528,8.095817735008403,283.352,-5.064847605613987,321.566,7.651208023808942
9,2023,March,301.836,4.984974122099173,3.5,155472.0,2.6732882502113364,,,33.2,4.304115614200454,140.995,2.660531086856799,374.946,8.175182481751818,279.084,-6.424897567779608,320.863,8.499364280690358
10,2023,February,300.84,6.035613077866597,3.6,155255.0,2.8110721144295026,,,33.11,4.679102118242184,140.956,4.736924231503714,372.869,8.115576432382277,281.673,5.191749666692802,320.569,9.486191656932874
11,2023,January,299.17,6.410146968856267,3.4,155007.0,3.265026048259223,,,33.02,4.394562124565304,140.713,5.740415107383856,370.07,7.906914358527262,283.33,8.700072510195533,319.136,10.133484256587955
12,2022,December,296.797,6.4544013314108195,3.5,154535.0,3.200838776028103,,,32.92,4.7740292807129325,139.78,6.422828602753072,367.355,7.475965617521263,274.937,7.310495029409814,316.839,10.409944035181873
13,2022,November,297.711,7.110322794191726,3.6,154296.0,3.4342675953423107,,,32.8,4.9935979513444195,140.785,7.395682355633526,364.48,7.086614173228356,292.953,13.065611732921623,315.857,10.630212218964875
14,2022,October,298.012,7.7454273308049215,3.6,154006.0,3.666556721571901,,,32.66,4.881181759794462,140.74,8.18081892741569,362.16,6.903758279905081,300.359,17.631923176338816,315.323,10.949138825847538
15,2022,September,296.808,8.20166964383362,3.5,153682.0,3.995181962132377,,,32.53,5.071059431524549,140.066,8.480745995848693,359.565,6.606321694244888,297.343,19.786244903878703,313.142,11.238126363203627
16,2022,August,296.171,8.262692503116241,3.6,153332.0,4.150902384849986,,,32.43,5.36062378167641,139.965,8.706458001631013,356.91,6.254521421490256,305.372,23.813346632122247,310.875,11.370842065667164
17,2022,July,296.276,8.52481474562552,3.5,152980.0,4.381882940542314,,,32.33,5.446836268754063,140.284,9.747778195018153,354.53,5.7193976442522665,325.407,32.92769607843135,308.532,10.93205621892157
18,2022,June,296.311,9.059757964784154,3.6,152412.0,4.542866745776419,,,32.18,5.404520144120539,140.819,11.231437598736171,352.514,5.607616628120171,340.917,41.623878364905266,305.041,10.439671839134546
19,2022,May,292.296,8.581511543676523,3.6,152042.0,4.787175387329778,,,32.06,5.529953917050712,139.419,11.09083665338646,350.489,5.445426894391803,316.761,34.59775047909612,302.038,10.147623007016481
20,2022,April,289.109,8.258629340882372,3.7,151678.0,4.884727619732532,,,31.94,5.7615894039735105,138.179,11.165728077232506,348.328,5.135944366639289,298.469,30.269819654672723,298.711,9.381888754623024
21,2022,March,287.504,8.542455554842432,3.6,151424.0,4.916578903608437,,,31.83,5.923460898502486,137.341,11.65934959349595,346.61,4.997379685138115,298.246,32.04847229047954,295.728,8.798728532956602
22,2022,February,283.716,7.871063897739283,3.8,151010.0,5.201192665663501,,,31.63,5.257903494176364,134.581,10.402789171451987,344.88,4.757652247605693,267.771,25.55080951063642,292.794,7.897539458216474
23,2022,January,281.148,7.479872468289117,4.0,150106.0,4.991991270834939,,,31.63,5.715240641711228,133.074,10.06947890818859,342.953,4.379359881179901,260.653,26.97870640561595,289.772,6.951405856690451
24,2021,December,278.802,7.036402865545144,3.9,149742.0,5.100543955079839,,,31.42,5.0133689839572115,131.344,10.003350083752082,341.802,4.177753394596073,256.207,29.296257979864237,286.966,6.2746506779052025
25,2021,November,277.948,6.809002839806477,4.1,149173.0,4.50459917474062,,,31.24,5.39811066126854,131.09,9.882648784576698,340.36,3.868677960101685,259.1,33.290120789349146,285.507,6.109213621784737
26,2021,October,276.589,6.221868903328898,4.5,148559.0,4.267295531271276,,,31.14,5.416384563304,130.097,8.867782426778259,338.772,3.498716852010264,255.338,29.970782559122043,284.205,5.328209081340707
27,2021,September,274.31,5.390348855079163,4.7,147778.0,4.245203160270883,,,30.96,4.878048780487809,129.116,8.775063184498745,337.283,3.160422082887293,248.228,24.826760804191927,281.506,4.5856971426236015
28,2021,August,273.567,5.251271554874992,5.1,147221.0,4.56111193971549,,,30.78,4.409769335142477,128.755,8.654008438818561,335.901,2.8185483006982093,246.639,24.967825619926852,279.135,3.7371924230430453
29,2021,July,273.003,5.365475239385398,5.4,146558.0,5.388885692918377,,,30.66,4.321197686287848,127.824,7.959459459459461,335.35,2.7895870945198187,244.8,23.84590089292491,278.127,3.445621004005761
30,2021,June,271.696,5.391451413321335,5.9,145789.0,5.935910478128181,,,30.53,3.94960844399046,126.6,7.561597281223431,333.796,2.5515298426070254,240.72,24.480941570697958,276.206,2.385735997331073
31,2021,May,269.195,4.992706537594471,5.8,145096.0,9.049641125850204,,,30.38,2.2207267833109112,125.5,6.990622335890873,332.389,2.2043539757702346,235.339,28.547160741986932,274.212,2.1505816964002777
32,2021,April,267.054,4.15969483870211,6.1,144614.0,10.874798742620563,,,30.2,0.6331222925691327,124.3,6.512425021422441,331.312,2.0979710573675536,229.116,25.14460812427288,273.09,2.3740707835220753
33,2021,March,264.877,2.619762508959189,6.1,144328.0,-4.38308246767013,,,30.05,4.340277777777768,123.0,4.149026248941579,330.113,1.6983980283425737,225.861,13.172122481497993,271.812,3.465444523958161
34,2021,February,263.014,1.6762152173745104,6.2,143544.0,-5.7930971116551095,,,30.05,5.25394045534151,121.9,2.9560810810810745,329.217,1.4533083102979738,213.277,2.362805609683516,271.363,3.6227069299974213
35,2021,January,261.582,1.3997697415600863,6.4,142969.0,-6.002051309024448,,,29.92,5.240942666197679,120.9,1.5966386554621792,328.564,1.593956878132663,205.273,-3.647151044624797,270.938,3.784997146217095
36,2020,December,260.474,1.3620054947193205,6.7,142475.0,-6.120687383042089,,,29.92,5.463517800493478,119.4,0.8445945945946054,328.095,1.8283447753597137,198.155,-6.961621169864118,270.023,3.9257494525119174
37,2020,November,260.229,1.1745357842679605,6.7,142743.0,-5.880840289591327,,,29.64,4.550264550264549,119.3,0.8453085376162406,327.683,1.9019364549222928,194.388,-9.433645800331725,269.069,3.700663282806693
38,2020,October,260.388,1.1820661677274913,6.8,142479.0,-5.921543510270921,,,29.54,4.603399433427757,119.5,0.5892255892255838,327.32,2.0276483331514994,196.458,-9.194780703578909,269.828,3.927096813952047
39,2020,September,260.28,1.3713248610564666,7.8,141760.0,-6.316499028535927,,,29.52,4.792332268370592,118.7,0.33812341504648735,326.95,2.0526010225548674,198.858,-7.687379884689305,269.163,3.9468145499202745
40,2020,August,259.918,1.3096453823307153,8.4,140799.0,-6.824122664796073,,,29.48,4.799146818343414,118.5,-0.2525252525252486,326.693,2.2955141813991498,197.362,-9.04054788964781,269.079,4.128710189234153
41,2020,July,259.101,0.9860818253037085,10.2,139064.0,-7.830778305794706,,,29.39,4.889364739471813,118.4,-0.2527379949452402,326.249,2.348132160469829,197.665,-11.158603455405135,268.863,4.09990939854572
42,2020,June,257.797,0.6457330475554857,11.0,137620.0,-8.73823749809346,,,29.37,5.118110236220463,117.7,-0.6751054852320637,325.491,2.3759424036837506,193.379,-12.645625256919313,269.77,4.536084072168123
43,2020,May,256.394,0.11792637021070806,13.2,133055.0,-11.667662484232888,,,29.72,6.676238334529794,117.3,-1.0961214165261413,325.22,2.5629704849996715,183.076,-18.911473028218605,268.439,4.001782185889735
44,2020,April,256.389,0.3290966863368272,14.8,130430.0,-13.371811135537948,,,30.01,8.10518731988472,116.7,-1.518987341772149,324.504,2.6141786065514205,183.081,-17.716034678807546,266.757,3.5113384140189607
45,2020,March,258.115,1.5393269919198094,4.4,150944.0,0.41511442256518816,,,28.8,3.634400863620013,118.1,0.3398470688190214,324.6,3.0129543709101148,199.573,-5.73907540004911,262.708,1.9338517173410397
46,2020,February,258.678,2.3348735639459495,3.5,152371.0,1.5184020467446713,,,28.55,3.068592057761732,118.4,1.110162254483349,324.501,3.3235369973540374,208.354,2.769063825589435,261.876,1.8093320167015259
47,2020,January,257.971,2.4865719552504606,3.6,152098.0,1.3216622033920933,,,28.43,3.0445813700616053,119.0,1.9708654670094194,323.409,3.3248988824352566,213.043,6.222483708360982,261.057,1.8095524087716752
48,2019,December,256.974,2.2851297401217163,3.6,151764.0,1.3077000100130132,,,28.37,2.9390420899854997,118.4,1.3698630136986356,322.204,3.2268399266976777,212.982,3.4370219275879688,259.823,1.8075310528584243
49,2019,November,257.208,2.0512779818916194,3.6,151662.0,1.3634358583630712,,,28.35,3.316326530612246,118.3,1.0247651579846417,321.567,3.315694609104658,214.636,-0.5900606734287384,259.467,2.00016510796881
50,2019,October,257.346,1.7640429444213845,3.6,151447.0,1.2847264020972915,,,28.24,3.2163742690058506,118.8,1.0204081632653184,320.815,3.3550149645136473,216.351,-4.166426733168849,259.632,2.0734555233175245
51,2019,September,256.759,1.7113045131695204,3.5,151318.0,1.3102483245291507,,,28.17,3.111273792093705,118.3,1.4579759862778818,320.374,3.506051266145871,215.418,-4.751840470452984,258.943,1.7885712264095188
52,2019,August,256.558,1.7497798894291483,3.6,151111.0,1.2319792057452261,,,28.13,3.4191176470588225,118.8,1.8867924528301883,319.362,3.3520601675059325,216.978,-4.389285226426476,258.41,1.7053885239514122
53,2019,July,256.571,1.8114648063935146,3.7,150879.0,1.2461247332608671,,,28.02,3.4330011074197087,118.7,1.6267123287671215,318.764,3.478006817075152,222.492,-2.032081794044216,258.274,1.7844616269813152
54,2019,June,256.143,1.6484846560762545,3.6,150797.0,1.2291395351959444,,,27.94,3.366629670736221,118.5,1.6295025728988,317.937,3.5008447733110293,221.373,-3.3883659120962584,258.064,1.9085341052240912
55,2019,May,256.092,1.7902284687663972,3.6,150630.0,1.260461833215687,,,27.86,3.2616753150481737,118.6,2.06540447504302,317.093,3.352259393496926,225.773,-0.45721088135444177,258.11,1.980260610514506
56,2019,April,255.548,1.9964397755302565,3.7,150563.0,1.439774702545371,,,27.76,3.1203566121842385,118.5,2.420051858254113,316.237,3.4400758864320258,222.499,1.6766439702051716,257.708,1.7767930839741153
57,2019,March,254.202,1.8625227405691724,3.8,150320.0,1.375091886350921,,,27.79,3.4623976172747595,117.7,1.9930675909878737,315.106,3.37716362872853,211.724,-0.3904890051469323,257.724,2.1214882910012944
58,2019,February,252.776,1.520135265933309,3.8,150092.0,1.3737859487498172,,,27.7,3.5514018691588767,117.1,1.9147084421235805,314.063,3.3836541753351046,202.74,-5.048262683882932,257.222,1.9645929296853382
59,2019,January,251.712,1.5512351381991252,4.0,150114.0,1.6550416469154117,,,27.59,3.217358772914336,116.7,1.9213973799126594,313.002,3.228423583421547,200.563,-4.794387244081788,256.417,1.6072214010881103
60,2018,December,251.233,1.9101588486313714,3.9,149805.0,1.548254146867234,,,27.56,3.57008643367156,116.8,2.6362038664323295,312.132,3.208697607364397,205.905,-0.3354340313071802,255.21,1.5809710314522496
61,2018,November,252.038,2.176601032152403,3.8,149622.0,1.5233041790781554,,,27.44,3.469079939668185,117.1,2.629272567922869,311.247,3.25680920943503,215.91,3.1172540273088023,254.379,1.39832822446595
62,2018,October,252.885,2.5224699286070296,3.8,149526.0,1.6167505963424311,,,27.36,3.28425821064553,117.6,3.0674846625766916,310.401,3.1870192211798543,225.757,8.908775145930825,254.358,1.1911013510287782
63,2018,September,252.439,2.2769721941990007,3.7,149361.0,1.6068136517935594,,,27.32,3.133257833144598,116.6,2.7312775330396333,309.522,3.2734867922765476,226.165,4.846298983361996,254.393,1.3546194515384968
64,2018,August,252.146,2.6991801041874375,3.8,149272.0,1.609862021551045,,,27.2,3.1084154662623265,116.6,3.0035335689045928,309.004,3.3790113213607142,226.939,10.221278910507348,254.077,1.4307785047885657
65,2018,July,252.006,2.9495150866471143,3.8,149022.0,1.5329899435859717,,,27.09,2.7693474962063647,116.8,3.362831858407067,308.05,3.4849971109528477,227.107,12.121705816720475,253.746,1.411591677524049
66,2018,June,251.989,2.87154783531669,4.0,148966.0,1.6222337435533696,,,27.03,2.9322162985529365,116.6,3.2772364924712027,307.183,3.3538011204010676,229.137,11.96749508908066,253.231,1.4331892667021728
67,2018,May,251.588,2.8010117148075553,3.8,148755.0,1.6162416575015826,,,26.98,2.9378099961846704,116.2,3.105590062111796,306.808,3.4901724004169132,226.81,11.656459838922473,253.098,1.2327211058492438
68,2018,April,250.546,2.462743943334811,4.0,148426.0,1.542018991325289,,,26.92,2.865876958349256,115.7,2.661934338952965,305.72,3.3742362404942217,218.83,7.867638722525383,253.209,1.389450586412222
69,2018,March,249.554,2.3597114039729084,4.0,148281.0,1.579722555232066,,,26.86,2.8724626579854418,115.4,2.943800178412137,304.812,3.3218987702195113,212.554,7.027800017120089,252.37,1.2862962294062141
70,2018,February,248.991,2.2117954212386604,4.1,148058.0,1.517364325139714,,,26.75,2.647735993860323,114.9,2.7728085867620766,303.784,3.1374026882322825,213.519,7.731779308257036,252.266,1.3967547057570417
71,2018,January,247.867,2.0705076202751638,4.0,147670.0,1.3945440438344114,,,26.73,2.807692307692311,114.5,2.5985663082437327,303.213,3.2147707892936417,210.663,5.538355176145249,252.361,1.6592679723817838
72,2017,December,246.524,2.1090824745684245,4.1,147521.0,1.453152508802824,,,26.61,2.662037037037024,113.8,2.522522522522519,302.428,3.194502262289056,206.598,6.876144558368602,251.238,1.5870576961178884
73,2017,November,246.669,2.202582938683184,4.2,147377.0,1.5070012191006121,,,26.52,2.393822393822398,114.1,2.9783393501805033,301.43,3.1492640994843057,209.383,9.394363695259212,250.871,1.3886475235920681
74,2017,October,246.663,2.0411287019761692,4.2,147147.0,1.432421813068263,,,26.49,2.3174971031286073,114.1,2.7927927927927865,300.814,3.2384050957862343,207.29,6.419352520201649,251.364,1.326625630358813
75,2017,September,246.819,2.2329638650032235,4.3,146999.0,1.4058953787570383,,,26.49,2.7939464493597077,113.5,2.622061482820981,299.711,3.2172855917814935,215.711,10.139799440393782,250.993,1.2407378275793857
76,2017,August,245.519,1.9389742120581754,4.4,146907.0,1.5504894099430455,,,26.38,2.5660964230171057,113.2,2.443438914027163,298.904,3.2958146575110314,205.894,6.391972055145612,250.493,1.1198172122445227
77,2017,July,244.786,1.727978456372492,4.3,146772.0,1.5617755942289646,,,26.36,2.6080186843129516,113.0,1.9855595667870096,297.676,3.1720064881950893,202.554,3.3755231193222546,250.214,1.0745130355397148
78,2017,June,244.955,1.633487955256463,4.3,146588.0,1.6898829013818784,,,26.26,2.4980483996877467,112.9,1.895306859205781,297.215,3.2645516800489105,204.646,2.305096608093571,249.653,0.8772355161183354
79,2017,May,244.733,1.8748777208413614,4.4,146389.0,1.7289664422067919,,,26.21,2.4628616106333157,112.7,2.268602540834852,296.461,3.3487301946976578,203.132,5.428368271631201,250.016,0.8698458807391285
80,2017,April,244.524,2.199689878417299,4.4,146172.0,1.6099432766099486,,,26.17,2.5068546807677228,112.7,2.454545454545465,295.741,3.4591205969501715,202.869,9.27380259840993,249.739,0.5337884893302558
81,2017,March,243.801,2.3806124334402767,4.4,145975.0,1.6072000334108383,,,26.11,2.59332023575638,112.1,2.1877848678213185,295.012,3.4686905956046843,198.597,10.937508728221346,249.165,0.47867149505196327
82,2017,February,243.603,2.7379581714893186,4.6,145845.0,1.6979290147130621,,,26.06,2.6792750197005555,111.8,2.007299270072993,294.543,3.5293249256595827,198.195,15.188799321170965,248.791,-0.0036173633440550468
83,2017,January,242.839,2.5000422090529995,4.7,145639.0,1.7046327462673982,,,26.0,2.4428684003152235,111.6,1.731996353691878,293.769,3.5440619779073312,199.608,10.788084652913078,248.242,-0.15645675720245
84,2016,December,241.432,2.074622132966919,4.7,145408.0,1.6249309841141146,,,25.92,2.694136291600646,111.0,1.7415215398716821,293.066,3.637823176402777,193.306,5.413953691282503,247.313,-0.23799631307406255
85,2016,November,241.353,1.6925371625037933,4.7,145189.0,1.6658497304110398,,,25.9,2.5742574257425765,110.8,1.279707495429605,292.227,3.5792137639165,191.402,1.1280360548854285,247.435,-0.3507768640306774
86,2016,October,241.729,1.6359875209176034,4.9,145069.0,1.742118736192455,,,25.89,2.7788805081381485,111.0,1.0928961748633892,291.378,3.535172281463539,194.786,0.1465288096205164,248.073,-0.3930905995535028
87,2016,September,241.428,1.4637836474815646,5.0,144961.0,1.8950550029873892,,,25.77,2.628434886499398,110.6,0.6369426751592355,290.369,3.430969198929956,195.852,-2.8709439052573615,247.917,-0.28757360275427635
88,2016,August,240.849,1.0628745027610353,4.9,144664.0,1.7828748328994504,,,25.72,2.5109605420486236,110.5,0.0,289.367,3.3745235262806483,193.524,-9.24932472989195,247.719,0.019380549196323926
89,2016,July,240.628,0.8271388704987004,4.8,144515.0,1.7790110501517686,,,25.69,2.760000000000007,110.8,0.0,288.524,3.291817176161449,195.94,-10.876407765223883,247.554,0.2230742136735353
90,2016,June,241.018,0.9973264945230875,4.9,144152.0,1.734006139948474,,,25.62,2.603123748498204,110.8,0.1808318264014508,287.819,3.426355809173365,200.035,-9.429460158199044,247.482,0.32511756121289537
91,2016,May,240.229,1.019322554193569,4.8,143901.0,1.6680796947859289,,,25.58,2.4429315178213784,110.2,0.0,286.855,3.3622317349130126,192.673,-10.104511734241594,247.86,0.6795647211266242
92,2016,April,239.261,1.125110418894426,5.1,143856.0,1.8795767765329208,,,25.53,2.5713137806347985,110.0,0.18214936247722413,285.853,3.194911246448595,185.652,-8.86679920477138,248.413,0.9312492635736191
93,2016,March,238.132,0.8525362211427412,5.0,143666.0,1.9457296131248025,,,25.45,2.373290426387764,109.7,-0.09107468123861207,285.122,3.208594864221137,179.017,-12.559895667974075,247.978,0.7856286451665362
94,2016,February,237.111,1.0177997801654737,4.9,143410.0,1.8327191132508247,,,25.38,2.3799919322307295,109.6,0.09132420091324533,284.502,3.2787599375612597,172.061,-12.480353209865868,248.8,0.8594130047024473
95,2016,January,236.916,1.3730868138309926,4.8,143198.0,1.8753290362971464,,,25.38,2.5454545454545396,109.7,0.0,283.714,3.2580924582001902,180.171,-6.462498507416203,248.631,0.8489563475001738
96,2015,December,236.525,0.7295197860415881,5.0,143083.0,1.9356539332886946,,,25.24,2.518277822908188,109.1,-1.0879419764279308,282.779,3.2051445818749746,183.378,-12.587649259956624,247.903,0.7834097635541548
97,2015,November,237.336,0.5017975786678841,5.1,142810.0,1.942336657410637,,,25.25,2.3925385239253805,109.4,-1.2635379061371799,282.129,3.179171725742047,189.267,-14.68464326283334,248.306,1.2700251231687831
98,2015,October,237.838,0.17057443573555986,5.0,142585.0,1.9884839598011572,,,25.19,2.4816924328722623,109.8,-1.4362657091562037,281.429,3.189601437318945,194.501,-17.143709131184902,249.052,1.5850484977525392
99,2015,September,237.945,-0.03612974780596856,5.0,142265.0,1.9360432206243727,,,25.11,2.281059063136448,109.9,-1.080108010801073,280.737,3.1673759178003857,201.641,-18.389408969673426,248.632,1.6359399910068406
100,2015,August,238.316,0.1950792930057288,5.1,142130.0,2.0623590745235454,,,25.09,2.241238793806044,110.5,-0.9856630824372714,279.921,3.1043157650473496,213.248,-15.024048519432087,247.671,1.5831935392578655
101,2015,July,238.654,0.1695697796432194,5.2,141989.0,2.0945382380856525,,,25.0,2.12418300653594,110.8,-0.7168458781361964,279.329,3.1149059954003633,219.852,-14.755318777698934,247.003,1.6331048330686215
102,2015,June,238.638,0.12377120368545214,5.3,141695.0,2.0614695353410317,,,24.97,2.085036794766948,110.6,-0.5395683453237488,278.284,3.0113011708353454,220.861,-15.007042307721917,246.68,1.7967531342076404
103,2015,May,237.805,-0.039932744850779134,5.6,141540.0,2.194207984057872,,,24.97,2.336065573770485,110.2,-0.8100810081008047,277.524,2.8952783493687795,214.33,-16.271456586791256,246.187,1.5857623873502202
104,2015,April,236.599,-0.1995174461766891,5.4,141202.0,2.09981344632606,,,24.89,2.259654889071494,109.8,-1.0810810810810811,277.003,3.0045775184718293,203.715,-19.390068733009656,246.121,1.982290324318292
105,2015,March,236.119,-0.07363739086643228,5.4,140924.0,2.129201513196999,,,24.86,2.2203947368421018,109.8,-0.9025270758122761,276.258,2.9710720236165056,204.731,-18.28508479582348,246.045,2.3490212064992244
106,2015,February,234.722,-0.025129801815304553,5.5,140829.0,2.26713238978411,,,24.79,1.8906699547883266,109.5,-0.544959128065392,275.47,2.986754199363695,196.597,-18.775331452109345,246.68,2.951487429468136
107,2015,January,233.707,-0.08934831306964819,5.7,140562.0,2.188263347679431,,,24.75,2.146099876186547,109.7,0.0,274.762,2.948758299237153,192.619,-19.591652716957974,246.538,3.20925014233564
108,2014,December,234.812,0.7564932696557447,5.6,140366.0,2.182458796808562,,,24.62,1.8196856906534276,110.3,0.9149130832570851,273.997,2.918175398530587,209.785,-10.55546554561656,245.976,3.408178451164301
109,2014,November,236.151,1.3223551823708934,5.8,140089.0,2.020915565783543,,,24.66,2.0695364238410674,110.8,1.279707495429605,273.436,2.9906288606984743,221.844,-4.843524809553223,245.192,3.1774820001599036
110,2014,October,237.433,1.664340215632043,5.7,139805.0,2.0184035201658013,,,24.58,2.0340390203403835,111.4,1.5496809480401108,272.73,3.0398512943736744,234.745,-1.5843269440391716,245.166,3.06678830122209
111,2014,September,238.031,1.657918675715031,5.9,139563.0,2.0055694019105452,,,24.55,2.0365752285951944,111.1,1.5539305301645268,272.118,2.9498223750666686,247.077,-0.5778369743232759,244.63,2.9925648992514375
112,2014,August,237.852,1.6996113341628316,6.1,139258.0,1.9197131042558713,,,24.54,2.164862614487917,111.6,1.9178082191780854,271.493,2.892821951034641,250.951,0.375983456727913,243.811,2.697909909606322
113,2014,July,238.25,1.9923286357643066,6.2,139076.0,1.96860496660336,,,24.48,2.0850708924103456,111.6,1.9178082191780854,270.891,2.90686410448302,257.907,2.600548991526419,243.034,2.5455588794983885
114,2014,June,238.343,2.0723413731670526,6.1,138833.0,1.8815724779663645,,,24.46,2.086811352253748,111.2,1.831501831501825,270.149,2.797596624010157,259.858,3.1505908598330468,242.326,2.3370721983850817
115,2014,May,237.9,2.1271115499366777,6.3,138501.0,1.7708739005518392,,,24.4,2.13478442863122,111.1,2.113970588235281,269.715,2.841422541494598,255.982,3.299771998143708,242.344,2.4597718644039146
116,2014,April,237.072,1.9528578985167577,6.2,138298.0,1.782507580440984,,,24.34,1.9689987431922962,111.0,1.83486238532109,268.923,2.768277164006294,252.717,3.2522052484709407,241.337,1.898319969937634
117,2014,March,236.293,1.51220287576308,6.7,137986.0,1.692841718930782,,,24.32,2.184873949579824,110.8,1.5582034830430747,268.287,2.722685085919063,250.543,0.39188187446157485,240.398,1.7204610463246617
118,2014,February,234.781,1.1263492501055294,6.7,137707.0,1.5957917724133797,,,24.33,2.3128679562657517,110.1,1.194852941176472,267.481,2.593596937699205,242.041,-2.4602451782418377,239.608,1.3994862484712378
119,2014,January,233.916,1.5789473684210575,6.6,137552.0,1.6907551842679114,,,24.23,2.0210526315789457,109.7,1.2927054478301114,266.892,2.5947367207140637,239.551,2.0999556737588687,238.872,1.07091025255881
120,2013,December,233.049,,6.7,137368.0,,,,24.18,,109.3,,266.228,,234.542,,237.869,
121,2013,November,233.069,,6.9,137314.0,,,,24.16,,109.4,,265.496,,233.136,,237.641,
122,2013,October,233.546,,7.2,137039.0,,,,24.09,,109.7,,264.684,,238.524,,237.871,
123,2013,September,234.149,,7.2,136819.0,,,,24.06,,109.4,,264.321,,248.513,,237.522,
124,2013,August,233.877,,7.2,136635.0,,,,24.02,,109.5,,263.86,,250.011,,237.406,
125,2013,July,233.596,,7.3,136391.0,,,,23.98,,109.5,,263.239,,251.37,,237.001,
126,2013,June,233.504,,7.5,136269.0,,,,23.96,,109.2,,262.797,,251.921,,236.792,
127,2013,May,232.945,,7.5,136091.0,,,,23.89,,108.8,,262.263,,247.805,,236.526,
128,2013,April,232.531,,7.6,135876.0,,,,23.87,,109.0,,261.679,,244.757,,236.841,
129,2013,March,232.773,,7.5,135689.0,,,,23.8,,109.1,,261.176,,249.565,,236.332,
130,2013,February,232.166,,7.7,135544.0,,,,23.78,,108.8,,260.719,,248.146,,236.301,
131,2013,January,230.28,,8.0,135265.0,,,,23.75,,108.3,,260.142,,234.624,,236.341,
132,2023,4th Quarter,,,,,,0.5,-96.5034965034965,,,,,,,,,,
133,2023,3rd Quarter,,,,,,-1.1,-90.09009009009009,,,,,,,,,,
134,2023,2nd Quarter,,,,,,2.6,-27.77777777777778,,,,,,,,,,
135,2023,1st Quarter,,,,,,7.4,-36.206896551724135,,,,,,,,,,
136,2022,4th Quarter,,,,,,-2.0,-162.5,,,,,,,,,,
137,2022,3rd Quarter,,,,,,6.6,-320.0,,,,,,,,,,
138,2022,2nd Quarter,,,,,,5.3,-282.7586206896552,,,,,,,,,,
139,2022,1st Quarter,,,,,,8.0,35.593220338983045,,,,,,,,,,
140,2021,4th Quarter,,,,,,3.1,40.90909090909089,,,,,,,,,,
141,2021,3rd Quarter,,,,,,8.2,164.51612903225805,,,,,,,,,,
142,2021,2nd Quarter,,,,,,6.1,306.66666666666663,,,,,,,,,,
143,2021,1st Quarter,,,,,,-2.0,-281.8181818181818,,,,,,,,,,
144,2020,4th Quarter,,,,,,14.3,376.6666666666667,,,,,,,,,,
145,2020,3rd Quarter,,,,,,-11.1,-892.8571428571429,,,,,,,,,,
146,2020,2nd Quarter,,,,,,3.6,43.99999999999999,,,,,,,,,,
147,2020,1st Quarter,,,,,,11.6,222.2222222222222,,,,,,,,,,
148,2019,4th Quarter,,,,,,3.2,77.77777777777779,,,,,,,,,,
149,2019,3rd Quarter,,,,,,-3.0,650.0,,,,,,,,,,
150,2019,2nd Quarter,,,,,,-2.9,-307.14285714285717,,,,,,,,,,
151,2019,1st Quarter,,,,,,5.9,-690.0,,,,,,,,,,
152,2018,4th Quarter,,,,,,2.2,57.14285714285716,,,,,,,,,,
153,2018,3rd Quarter,,,,,,3.1,138.46153846153845,,,,,,,,,,
154,2018,2nd Quarter,,,,,,1.5,-28.57142857142857,,,,,,,,,,
155,2018,1st Quarter,,,,,,1.1,-26.66666666666666,,,,,,,,,,
156,2017,4th Quarter,,,,,,3.0,-51.61290322580645,,,,,,,,,,
157,2017,3rd Quarter,,,,,,1.4,-216.66666666666669,,,,,,,,,,
158,2017,2nd Quarter,,,,,,2.5,-145.45454545454547,,,,,,,,,,
159,2017,1st Quarter,,,,,,3.6,-70.49180327868851,,,,,,,,,,
160,2016,4th Quarter,,,,,,1.8,-325.0,,,,,,,,,,
161,2016,3rd Quarter,,,,,,-0.4,-87.09677419354838,,,,,,,,,,
162,2016,2nd Quarter,,,,,,1.4,-65.0,,,,,,,,,,
163,2016,1st Quarter,,,,,,-1.0,-88.09523809523809,,,,,,,,,,
164,2015,4th Quarter,,,,,,1.4,,,,,,,,,,,
165,2015,3rd Quarter,,,,,,1.3,,,,,,,,,,,
166,2015,2nd Quarter,,,,,,2.1,,,,,,,,,,,
167,2015,1st Quarter,,,,,,1.5,,,,,,,,,,,
168,2014,4th Quarter,,,,,,6.2,,,,,,,,,,,
169,2014,3rd Quarter,,,,,,-1.2,,,,,,,,,,,
170,2014,2nd Quarter,,,,,,-5.5,,,,,,,,,,,
171,2014,1st Quarter,,,,,,12.2,,,,,,,,,,,
172,2013,4th Quarter,,,,,,-0.8,,,,,,,,,,,
173,2013,3rd Quarter,,,,,,-3.1,,,,,,,,,,,
174,2013,2nd Quarter,,,,,,4.0,,,,,,,,,,,
175,2013,1st Quarter,,,,,,-8.4,,,,,,,,,,,
